10,2019-8-28
7,2019-5-17
3,2019-7-1
6,2019-12-25
9,2019-5-21
1,2019-5-20
7,2019-1-24
4,2019-12-8
10,2019-8-15
3,2019-7-6
10,2019-5-7
5,2019-5-11
1,2019-9-25
6,2019-8-20
10,2019-10-11
10,2019-9-28
4,2019-11-7
9,2019-8-26
2,2019-12-12
6,2019-10-8
7,2019-3-24
1,2019-8-28
4,2019-5-26
2,2019-10-27
1,2019-3-2
9,2019-4-20
6,2019-10-7
10,2019-12-11
5,2019-5-14
3,2019-7-22
5,2019-10-8
3,2019-11-5
5,2019-5-16
8,2019-4-16
8,2019-7-26
7,2019-7-9
4,2019-7-12
10,2019-10-23
4,2019-3-23
6,2019-8-14
2,2019-6-1
8,2019-1-12
3,2019-8-19
9,2019-1-14
3,2019-4-22
7,2019-6-28
1,2019-8-18
2,2019-8-8
2,2019-7-28
7,2019-9-16
10,2019-9-16
4,2019-5-30
5,2019-2-24
5,2019-1-31
1,2019-4-16
2,2019-1-24
1,2019-10-1
3,2019-8-24
1,2019-6-17
8,2019-12-13
9,2019-3-10
5,2019-12-13
6,2019-1-10
8,2019-2-12
7,2019-8-1
1,2019-3-10
2,2019-10-19
8,2019-3-23
4,2019-12-26
10,2019-12-21
8,2019-12-9
1,2019-10-7
4,2019-10-20
1,2019-7-27
8,2019-2-14
5,2019-4-3
2,2019-9-18
9,2019-1-15
4,2019-5-5
5,2019-2-27
9,2019-7-9
2,2019-7-12
2,2019-12-5
1,2019-11-30
6,2019-9-24
3,2019-12-5
4,2019-1-23
5,2019-5-27
5,2019-9-1
3,2019-9-8
10,2019-3-6
8,2019-8-14
7,2019-7-10
8,2019-4-28
4,2019-10-11
3,2019-8-23
7,2019-2-4
6,2019-8-13
1,2019-4-7
9,2019-11-16
